Day,Jan (sunrise),Jan (sunset),Jan (daylight),Jan (evening),Feb (sunrise),Feb (sunset),Feb (daylight),Feb (evening),Mar (sunrise),Mar (sunset),Mar (daylight),Mar (evening),Apr (sunrise),Apr (sunset),Apr (daylight),Apr (evening),May (sunrise),May (sunset),May (daylight,May (evening),Jun (sunrise),Jun (sunset),Jun (daylight),Jun (evening),Jul (sunrise),Jul (sunset),Jul (daylight),Jul (evening),Aug (sunrise),Aug (sunset),Aug (daylight),Aug (evening),Sep (sunrise),Sep (sunset,Sep (daylight),Sep (evening),Oct (sunrise),Oct (sunset),Oct (daylight),Oct (evening),Nov (sunrise),Nov (sunset),Nov (daylight),Nov (evening),Dec (sunrise),Dec (sunset),Dec (daylight),Dec (evening)
1,7:57 AM,4:29 PM,8:32:00,7:31:00,7:35 AM,5:11 PM,9:36:00,6:49:00,6:49 AM,5:55 PM,11:06:00,6:05:00,6:47 AM,7:40 PM,12:53:00,4:20:00,5:52 AM,8:22 PM,14:30:00,3:38:00,5:15 AM,8:59 PM,15:44:00,3:01:00,5:16 AM,9:10 PM,15:54:00,2:50:00,5:47 AM,8:43 PM,14:56:00,3:17:00,6:28 AM,7:49 PM,13:21:00,4:11:00,7:09 AM,6:48 PM,11:39:00,5:12:00,7:54 AM,5:51 PM,9:57:00,6:09:00,7:37 AM,4:20 PM,8:43:00,7:40:00
2,7:57 AM,4:30 PM,8:33:00,7:30:00,7:34 AM,5:13 PM,9:39:00,6:47:00,6:47 AM,5:56 PM,11:09:00,6:04:00,6:45 AM,7:41 PM,12:56:00,4:19:00,5:50 AM,8:23 PM,14:33:00,3:37:00,5:15 AM,9:00 PM,15:45:00,3:00:00,5:17 AM,9:10 PM,15:53:00,2:50:00,5:49 AM,8:42 PM,14:53:00,3:18:00,6:30 AM,7:47 PM,13:17:00,4:13:00,7:10 AM,6:46 PM,11:36:00,5:14:00,7:55 AM,5:50 PM,9:55:00,6:10:00,7:38 AM,4:19 PM,8:41:00,7:41:00
3,7:57 AM,4:31 PM,8:34:00,7:29:00,7:33 AM,5:14 PM,9:41:00,6:46:00,6:45 AM,5:58 PM,11:13:00,6:02:00,6:43 AM,7:43 PM,13:00:00,4:17:00,5:48 AM,8:25 PM,14:37:00,3:35:00,5:14 AM,9:01 PM,15:47:00,2:59:00,5:17 AM,9:10 PM,15:53:00,2:50:00,5:50 AM,8:40 PM,14:50:00,3:20:00,6:31 AM,7:45 PM,13:14:00,4:15:00,7:12 AM,6:44 PM,11:32:00,5:16:00,7:57 AM,5:48 PM,9:51:00,6:12:00,7:39 AM,4:19 PM,8:40:00,7:41:00
4,7:57 AM,4:32 PM,8:35:00,7:28:00,7:31 AM,5:16 PM,9:45:00,6:44:00,6:43 AM,5:59 PM,11:16:00,6:01:00,6:41 AM,7:44 PM,13:03:00,4:16:00,5:47 AM,8:26 PM,14:39:00,3:34:00,5:14 AM,9:02 PM,15:48:00,2:58:00,5:18 AM,9:09 PM,15:51:00,2:51:00,5:51 AM,8:39 PM,14:48:00,3:21:00,6:32 AM,7:43 PM,13:11:00,4:17:00,7:13 AM,6:42 PM,11:29:00,5:18:00,7:58 AM,5:47 PM,9:49:00,6:13:00,7:41 AM,4:19 PM,8:38:00,7:41:00
5,7:57 AM,4:33 PM,8:36:00,7:27:00,7:30 AM,5:17 PM,9:47:00,6:43:00,6:41 AM,6:01 PM,11:20:00,5:59:00,6:39 AM,7:45 PM,13:06:00,4:15:00,5:45 AM,8:27 PM,14:42:00,3:33:00,5:13 AM,9:03 PM,15:50:00,2:57:00,5:19 AM,9:09 PM,15:50:00,2:51:00,5:52 AM,8:37 PM,14:45:00,3:23:00,6:34 AM,7:41 PM,13:07:00,4:19:00,7:14 AM,6:40 PM,11:26:00,5:20:00,8:00 AM,5:45 PM,9:45:00,6:15:00,7:42 AM,4:18 PM,8:36:00,7:42:00
6,7:57 AM,4:34 PM,8:37:00,7:26:00,7:28 AM,5:19 PM,9:51:00,6:41:00,6:39 AM,6:02 PM,11:23:00,5:58:00,6:37 AM,7:47 PM,13:10:00,4:13:00,5:44 AM,8:29 PM,14:45:00,3:31:00,5:13 AM,9:04 PM,15:51:00,2:56:00,5:19 AM,9:09 PM,15:50:00,2:51:00,5:54 AM,8:36 PM,14:42:00,3:24:00,6:35 AM,7:39 PM,13:04:00,4:21:00,7:16 AM,6:38 PM,11:22:00,5:22:00,8:01 AM,5:44 PM,9:43:00,6:16:00,7:43 AM,4:18 PM,8:35:00,7:42:00
7,7:56 AM,4:35 PM,8:39:00,7:25:00,7:27 AM,5:21 PM,9:54:00,6:39:00,6:37 AM,6:04 PM,11:27:00,5:56:00,6:35 AM,7:48 PM,13:13:00,4:12:00,5:42 AM,8:30 PM,14:48:00,3:30:00,5:12 AM,9:04 PM,15:52:00,2:56:00,5:20 AM,9:08 PM,15:48:00,2:52:00,5:55 AM,8:34 PM,14:39:00,3:26:00,6:36 AM,7:37 PM,13:01:00,4:23:00,7:17 AM,6:36 PM,11:19:00,5:24:00,7:03 AM,4:42 PM,9:39:00,7:18:00,7:44 AM,4:18 PM,8:34:00,7:42:00
8,7:56 AM,4:37 PM,8:41:00,7:23:00,7:25 AM,5:22 PM,9:57:00,6:38:00,6:35 AM,6:05 PM,11:30:00,5:55:00,6:33 AM,7:50 PM,13:17:00,4:10:00,5:41 AM,8:32 PM,14:51:00,3:28:00,5:12 AM,9:05 PM,15:53:00,2:55:00,5:21 AM,9:07 PM,15:46:00,2:53:00,5:56 AM,8:32 PM,14:36:00,3:28:00,6:38 AM,7:35 PM,12:57:00,4:25:00,7:19 AM,6:34 PM,11:15:00,5:26:00,7:05 AM,4:41 PM,9:36:00,7:19:00,7:45 AM,4:18 PM,8:33:00,7:42:00
9,7:56 AM,4:38 PM,8:42:00,7:22:00,7:24 AM,5:24 PM,10:00:00,6:36:00,6:33 AM,6:07 PM,11:34:00,5:53:00,6:31 AM,7:51 PM,13:20:00,4:09:00,5:39 AM,8:33 PM,14:54:00,3:27:00,5:12 AM,9:06 PM,15:54:00,2:54:00,5:22 AM,9:07 PM,15:45:00,2:53:00,5:58 AM,8:31 PM,14:33:00,3:29:00,6:39 AM,7:33 PM,12:54:00,4:27:00,7:20 AM,6:32 PM,11:12:00,5:28:00,7:06 AM,4:40 PM,9:34:00,7:20:00,7:46 AM,4:18 PM,8:32:00,7:42:00
10,7:55 AM,4:39 PM,8:44:00,7:21:00,7:22 AM,5:25 PM,10:03:00,6:35:00,6:31 AM,6:08 PM,11:37:00,5:52:00,6:29 AM,7:52 PM,13:23:00,4:08:00,5:38 AM,8:34 PM,14:56:00,3:26:00,5:12 AM,9:06 PM,15:54:00,2:54:00,5:23 AM,9:06 PM,15:43:00,2:54:00,5:59 AM,8:29 PM,14:30:00,3:31:00,6:40 AM,7:31 PM,12:51:00,4:29:00,7:21 AM,6:30 PM,11:09:00,5:30:00,7:08 AM,4:38 PM,9:30:00,7:22:00,7:47 AM,4:18 PM,8:31:00,7:42:00
11,7:55 AM,4:40 PM,8:45:00,7:20:00,7:21 AM,5:27 PM,10:06:00,6:33:00,6:29 AM,6:10 PM,11:41:00,5:50:00,6:27 AM,7:54 PM,13:27:00,4:06:00,5:37 AM,8:36 PM,14:59:00,3:24:00,5:11 AM,9:07 PM,15:56:00,2:53:00,5:24 AM,9:06 PM,15:42:00,2:54:00,6:00 AM,8:28 PM,14:28:00,3:32:00,6:42 AM,7:29 PM,12:47:00,4:31:00,7:23 AM,6:28 PM,11:05:00,5:32:00,7:09 AM,4:37 PM,9:28:00,7:23:00,7:48 AM,4:18 PM,8:30:00,7:42:00
12,7:54 AM,4:42 PM,8:48:00,7:18:00,7:19 AM,5:29 PM,10:10:00,6:31:00,6:27 AM,6:11 PM,11:44:00,5:49:00,6:25 AM,7:55 PM,13:30:00,4:05:00,5:35 AM,8:37 PM,15:02:00,3:23:00,5:11 AM,9:08 PM,15:57:00,2:52:00,5:25 AM,9:05 PM,15:40:00,2:55:00,6:02 AM,8:26 PM,14:24:00,3:34:00,6:43 AM,7:27 PM,12:44:00,4:33:00,7:24 AM,6:26 PM,11:02:00,5:34:00,7:11 AM,4:36 PM,9:25:00,7:24:00,7:49 AM,4:18 PM,8:29:00,7:42:00
13,7:54 AM,4:43 PM,8:49:00,7:17:00,7:17 AM,5:30 PM,10:13:00,6:30:00,6:25 AM,6:12 PM,11:47:00,5:48:00,6:24 AM,7:57 PM,13:33:00,4:03:00,5:34 AM,8:38 PM,15:04:00,3:22:00,5:11 AM,9:08 PM,15:57:00,2:52:00,5:26 AM,9:04 PM,15:38:00,2:56:00,6:03 AM,8:24 PM,14:21:00,3:36:00,6:44 AM,7:25 PM,12:41:00,4:35:00,7:26 AM,6:24 PM,10:58:00,5:36:00,7:12 AM,4:35 PM,9:23:00,7:25:00,7:49 AM,4:18 PM,8:29:00,7:42:00
14,7:53 AM,4:44 PM,8:51:00,7:16:00,7:16 AM,5:32 PM,10:16:00,6:28:00,7:23 AM,7:14 PM,11:51:00,4:46:00,6:22 AM,7:58 PM,13:36:00,4:02:00,5:33 AM,8:39 PM,15:06:00,3:21:00,5:11 AM,9:09 PM,15:58:00,2:51:00,5:27 AM,9:03 PM,15:36:00,2:57:00,6:04 AM,8:22 PM,14:18:00,3:38:00,6:46 AM,7:23 PM,12:37:00,4:37:00,7:27 AM,6:22 PM,10:55:00,5:38:00,7:14 AM,4:33 PM,9:19:00,7:27:00,7:50 AM,4:18 PM,8:28:00,7:42:00
15,7:52 AM,4:46 PM,8:54:00,7:14:00,7:14 AM,5:33 PM,10:19:00,6:27:00,7:21 AM,7:15 PM,11:54:00,4:45:00,6:20 AM,8:00 PM,13:40:00,4:00:00,5:31 AM,8:41 PM,15:10:00,3:19:00,5:11 AM,9:09 PM,15:58:00,2:51:00,5:28 AM,9:03 PM,15:35:00,2:57:00,6:06 AM,8:21 PM,14:15:00,3:39:00,6:47 AM,7:21 PM,12:34:00,4:39:00,7:29 AM,6:20 PM,10:51:00,5:40:00,7:15 AM,4:32 PM,9:17:00,7:28:00,7:51 AM,4:18 PM,8:27:00,7:42:00
16,7:52 AM,4:47 PM,8:55:00,7:13:00,7:12 AM,5:35 PM,10:23:00,6:25:00,7:19 AM,7:17 PM,11:58:00,4:43:00,6:18 AM,8:01 PM,13:43:00,3:59:00,5:30 AM,8:42 PM,15:12:00,3:18:00,5:11 AM,9:09 PM,15:58:00,2:51:00,5:29 AM,9:02 PM,15:33:00,2:58:00,6:07 AM,8:19 PM,14:12:00,3:41:00,6:48 AM,7:19 PM,12:31:00,4:41:00,7:30 AM,6:19 PM,10:49:00,5:41:00,7:16 AM,4:31 PM,9:15:00,7:29:00,7:52 AM,4:18 PM,8:26:00,7:42:00
17,7:51 AM,4:48 PM,8:57:00,7:12:00,7:11 AM,5:36 PM,10:25:00,6:24:00,7:17 AM,7:18 PM,12:01:00,4:42:00,6:16 AM,8:02 PM,13:46:00,3:58:00,5:29 AM,8:43 PM,15:14:00,3:17:00,5:11 AM,9:10 PM,15:59:00,2:50:00,5:30 AM,9:01 PM,15:31:00,2:59:00,6:08 AM,8:17 PM,14:09:00,3:43:00,6:50 AM,7:16 PM,12:26:00,4:44:00,7:32 AM,6:17 PM,10:45:00,5:43:00,7:18 AM,4:30 PM,9:12:00,7:30:00,7:53 AM,4:19 PM,8:26:00,7:41:00
18,7:50 AM,4:50 PM,9:00:00,7:10:00,7:09 AM,5:38 PM,10:29:00,6:22:00,7:15 AM,7:20 PM,12:05:00,4:40:00,6:14 AM,8:04 PM,13:50:00,3:56:00,5:28 AM,8:44 PM,15:16:00,3:16:00,5:11 AM,9:10 PM,15:59:00,2:50:00,5:31 AM,9:00 PM,15:29:00,3:00:00,6:10 AM,8:15 PM,14:05:00,3:45:00,6:51 AM,7:14 PM,12:23:00,4:46:00,7:33 AM,6:15 PM,10:42:00,5:45:00,7:19 AM,4:29 PM,9:10:00,7:31:00,7:53 AM,4:19 PM,8:26:00,7:41:00
19,7:49 AM,4:51 PM,9:02:00,7:09:00,7:07 AM,5:39 PM,10:32:00,6:21:00,7:13 AM,7:21 PM,12:08:00,4:39:00,6:12 AM,8:05 PM,13:53:00,3:55:00,5:27 AM,8:46 PM,15:19:00,3:14:00,5:11 AM,9:10 PM,15:59:00,2:50:00,5:32 AM,8:59 PM,15:27:00,3:01:00,6:11 AM,8:14 PM,14:03:00,3:46:00,6:53 AM,7:12 PM,12:19:00,4:48:00,7:34 AM,6:13 PM,10:39:00,5:47:00,7:21 AM,4:28 PM,9:07:00,7:32:00,7:54 AM,4:19 PM,8:25:00,7:41:00
20,7:49 AM,4:53 PM,9:04:00,7:07:00,7:06 AM,5:41 PM,10:35:00,6:19:00,7:11 AM,7:23 PM,12:12:00,4:37:00,6:10 AM,8:07 PM,13:57:00,3:53:00,5:26 AM,8:47 PM,15:21:00,3:13:00,5:11 AM,9:11 PM,16:00:00,2:49:00,5:33 AM,8:58 PM,15:25:00,3:02:00,6:12 AM,8:12 PM,14:00:00,3:48:00,6:54 AM,7:10 PM,12:16:00,4:50:00,7:36 AM,6:11 PM,10:35:00,5:49:00,7:22 AM,4:27 PM,9:05:00,7:33:00,7:54 AM,4:20 PM,8:26:00,7:40:00
21,7:48 AM,4:54 PM,9:06:00,7:06:00,7:04 AM,5:43 PM,10:39:00,6:17:00,7:09 AM,7:24 PM,12:15:00,4:36:00,6:09 AM,8:08 PM,13:59:00,3:52:00,5:25 AM,8:48 PM,15:23:00,3:12:00,5:12 AM,9:11 PM,15:59:00,2:49:00,5:34 AM,8:57 PM,15:23:00,3:03:00,6:14 AM,8:10 PM,13:56:00,3:50:00,6:55 AM,7:08 PM,12:13:00,4:52:00,7:37 AM,6:09 PM,10:32:00,5:51:00,7:24 AM,4:26 PM,9:02:00,7:34:00,7:55 AM,4:20 PM,8:25:00,7:40:00
22,7:47 AM,4:56 PM,9:09:00,7:04:00,7:02 AM,5:44 PM,10:42:00,6:16:00,7:07 AM,7:25 PM,12:18:00,4:35:00,6:07 AM,8:09 PM,14:02:00,3:51:00,5:24 AM,8:49 PM,15:25:00,3:11:00,5:12 AM,9:11 PM,15:59:00,2:49:00,5:35 AM,8:56 PM,15:21:00,3:04:00,6:15 AM,8:08 PM,13:53:00,3:52:00,6:57 AM,7:06 PM,12:09:00,4:54:00,7:39 AM,6:08 PM,10:29:00,5:52:00,7:25 AM,4:25 PM,9:00:00,7:35:00,7:55 AM,4:21 PM,8:26:00,7:39:00
23,7:46 AM,4:57 PM,9:11:00,7:03:00,7:00 AM,5:46 PM,10:46:00,6:14:00,7:05 AM,7:27 PM,12:22:00,4:33:00,6:05 AM,8:11 PM,14:06:00,3:49:00,5:23 AM,8:50 PM,15:27:00,3:10:00,5:12 AM,9:11 PM,15:59:00,2:49:00,5:36 AM,8:55 PM,15:19:00,3:05:00,6:16 AM,8:06 PM,13:50:00,3:54:00,6:58 AM,7:04 PM,12:06:00,4:56:00,7:40 AM,6:06 PM,10:26:00,5:54:00,7:27 AM,4:25 PM,8:58:00,7:35:00,7:56 AM,4:22 PM,8:26:00,7:38:00
24,7:45 AM,4:59 PM,9:14:00,7:01:00,6:58 AM,5:47 PM,10:49:00,6:13:00,7:03 AM,7:28 PM,12:25:00,4:32:00,6:03 AM,8:12 PM,14:09:00,3:48:00,5:22 AM,8:51 PM,15:29:00,3:09:00,5:12 AM,9:11 PM,15:59:00,2:49:00,5:37 AM,8:53 PM,15:16:00,3:07:00,6:18 AM,8:04 PM,13:46:00,3:56:00,6:59 AM,7:02 PM,12:03:00,4:58:00,7:42 AM,6:04 PM,10:22:00,5:56:00,7:28 AM,4:24 PM,8:56:00,7:36:00,7:56 AM,4:22 PM,8:26:00,7:38:00
25,7:44 AM,5:00 PM,9:16:00,7:00:00,6:56 AM,5:49 PM,10:53:00,6:11:00,7:01 AM,7:30 PM,12:29:00,4:30:00,6:02 AM,8:14 PM,14:12:00,3:46:00,5:21 AM,8:52 PM,15:31:00,3:08:00,5:13 AM,9:11 PM,15:58:00,2:49:00,5:39 AM,8:52 PM,15:13:00,3:08:00,6:19 AM,8:02 PM,13:43:00,3:58:00,7:01 AM,7:00 PM,11:59:00,5:00:00,7:43 AM,6:02 PM,10:19:00,5:58:00,7:29 AM,4:23 PM,8:54:00,7:37:00,7:56 AM,4:23 PM,8:27:00,7:37:00
26,7:43 AM,5:02 PM,9:19:00,6:58:00,6:55 AM,5:50 PM,10:55:00,6:10:00,6:59 AM,7:31 PM,12:32:00,4:29:00,6:00 AM,8:15 PM,14:15:00,3:45:00,5:20 AM,8:54 PM,15:34:00,3:06:00,5:13 AM,9:11 PM,15:58:00,2:49:00,5:40 AM,8:51 PM,15:11:00,3:09:00,6:20 AM,8:01 PM,13:41:00,3:59:00,7:02 AM,6:58 PM,11:56:00,5:02:00,7:45 AM,6:01 PM,10:16:00,5:59:00,7:31 AM,4:22 PM,8:51:00,7:38:00,7:57 AM,4:24 PM,8:27:00,7:36:00
27,7:41 AM,5:03 PM,9:22:00,6:57:00,6:53 AM,5:52 PM,10:59:00,6:08:00,6:57 AM,7:33 PM,12:36:00,4:27:00,5:58 AM,8:16 PM,14:18:00,3:44:00,5:19 AM,8:55 PM,15:36:00,3:05:00,5:14 AM,9:11 PM,15:57:00,2:49:00,5:41 AM,8:50 PM,15:09:00,3:10:00,6:22 AM,7:59 PM,13:37:00,4:01:00,7:03 AM,6:56 PM,11:53:00,5:04:00,7:46 AM,5:59 PM,10:13:00,6:01:00,7:32 AM,4:22 PM,8:50:00,7:38:00,7:57 AM,4:24 PM,8:27:00,7:36:00
28,7:40 AM,5:05 PM,9:25:00,6:55:00,6:51 AM,5:53 PM,11:02:00,6:07:00,6:55 AM,7:34 PM,12:39:00,4:26:00,5:56 AM,8:18 PM,14:22:00,3:42:00,5:18 AM,8:56 PM,15:38:00,3:04:00,5:14 AM,9:11 PM,15:57:00,2:49:00,5:42 AM,8:48 PM,15:06:00,3:12:00,6:23 AM,7:57 PM,13:34:00,4:03:00,7:05 AM,6:54 PM,11:49:00,5:06:00,7:48 AM,5:57 PM,10:09:00,6:03:00,7:33 AM,4:21 PM,8:48:00,7:39:00,7:57 AM,4:25 PM,8:28:00,7:35:00
29,7:39 AM,5:06 PM,9:27:00,6:54:00,,,,,6:53 AM,7:35 PM,12:42:00,4:25:00,5:55 AM,8:19 PM,14:24:00,3:41:00,5:17 AM,8:57 PM,15:40:00,3:03:00,5:15 AM,9:11 PM,15:56:00,2:49:00,5:44 AM,8:47 PM,15:03:00,3:13:00,6:24 AM,7:55 PM,13:31:00,4:05:00,7:06 AM,6:52 PM,11:46:00,5:08:00,7:49 AM,5:56 PM,10:07:00,6:04:00,7:35 AM,4:21 PM,8:46:00,7:39:00,7:57 AM,4:26 PM,8:29:00,7:34:00
30,7:38 AM,5:08 PM,9:30:00,6:52:00,,,,,6:51 AM,7:37 PM,12:46:00,4:23:00,5:53 AM,8:21 PM,14:28:00,3:39:00,5:17 AM,8:58 PM,15:41:00,3:02:00,5:15 AM,9:11 PM,15:56:00,2:49:00,5:45 AM,8:46 PM,15:01:00,3:14:00,6:26 AM,7:53 PM,13:27:00,4:07:00,7:07 AM,6:50 PM,11:43:00,5:10:00,7:51 AM,5:54 PM,10:03:00,6:06:00,7:36 AM,4:20 PM,8:44:00,7:40:00,7:57 AM,4:27 PM,8:30:00,7:33:00
31,7:37 AM,5:10 PM,9:33:00,6:50:00,,,,,6:49 AM,7:38 PM,12:49:00,4:22:00,,,,,5:16 AM,8:59 PM,15:43:00,3:01:00,,,,,5:46 AM,8:44 PM,14:58:00,3:16:00,6:27 AM,7:51 PM,13:24:00,4:09:00,,,,,7:52 AM,5:53 PM,10:01:00,6:07:00,,,,,7:57 AM,4:28 PM,8:31:00,7:32:00
